{ 
 "name": "Hippocampus-BMI6331", 
 "description": "Left and right hippocampus segmentation",
"reference": " Vanderbilt University Medical Center",
"licence":"CC-BY-SA 4.0",
"relase":"1.0 04/05/2018",
"tensorImageSize": "3D",
"modality": { 
   "0": "MRI"
 }, 
 "labels": { 
   "0": "background", 
   "1": "anterior", 
   "2": "posterior"
 }, 
 "numTraining": 208, 
 "numTest": 52,
"training":[{"image": "./imagesTr/hippocampus_161.nii.gz", 
"label": "./labels/hippocampus_161.nii.gz"},
{"image": "./imagesTr/hippocampus_070.nii.gz", 
"label": "./labels/hippocampus_070.nii.gz"},
{"image": "./imagesTr/hippocampus_065.nii.gz", 
"label": "./labels/hippocampus_065.nii.gz"},
{"image": "./imagesTr/hippocampus_327.nii.gz", 
"label": "./labels/hippocampus_327.nii.gz"},
{"image": "./imagesTr/hippocampus_126.nii.gz", 
"label": "./labels/hippocampus_126.nii.gz"},
{"image": "./imagesTr/hippocampus_149.nii.gz", 
"label": "./labels/hippocampus_149.nii.gz"},
{"image": "./imagesTr/hippocampus_269.nii.gz", 
"label": "./labels/hippocampus_269.nii.gz"},
{"image": "./imagesTr/hippocampus_052.nii.gz", 
"label": "./labels/hippocampus_052.nii.gz"},
{"image": "./imagesTr/hippocampus_109.nii.gz", 
"label": "./labels/hippocampus_109.nii.gz"},
{"image": "./imagesTr/hippocampus_215.nii.gz", 
"label": "./labels/hippocampus_215.nii.gz"},
{"image": "./imagesTr/hippocampus_083.nii.gz", 
"label": "./labels/hippocampus_083.nii.gz"},
{"image": "./imagesTr/hippocampus_367.nii.gz", 
"label": "./labels/hippocampus_367.nii.gz"},
{"image": "./imagesTr/hippocampus_060.nii.gz", 
"label": "./labels/hippocampus_060.nii.gz"},
{"image": "./imagesTr/hippocampus_385.nii.gz", 
"label": "./labels/hippocampus_385.nii.gz"},
{"image": "./imagesTr/hippocampus_311.nii.gz", 
"label": "./labels/hippocampus_311.nii.gz"},
{"image": "./imagesTr/hippocampus_020.nii.gz", 
"label": "./labels/hippocampus_020.nii.gz"},
{"image": "./imagesTr/hippocampus_341.nii.gz", 
"label": "./labels/hippocampus_341.nii.gz"},
{"image": "./imagesTr/hippocampus_287.nii.gz", 
"label": "./labels/hippocampus_287.nii.gz"},
{"image": "./imagesTr/hippocampus_326.nii.gz", 
"label": "./labels/hippocampus_326.nii.gz"},
{"image": "./imagesTr/hippocampus_023.nii.gz", 
"label": "./labels/hippocampus_023.nii.gz"},
{"image": "./imagesTr/hippocampus_296.nii.gz", 
"label": "./labels/hippocampus_296.nii.gz"},
{"image": "./imagesTr/hippocampus_007.nii.gz", 
"label": "./labels/hippocampus_007.nii.gz"},
{"image": "./imagesTr/hippocampus_155.nii.gz", 
"label": "./labels/hippocampus_155.nii.gz"},
{"image": "./imagesTr/hippocampus_295.nii.gz", 
"label": "./labels/hippocampus_295.nii.gz"},
{"image": "./imagesTr/hippocampus_096.nii.gz", 
"label": "./labels/hippocampus_096.nii.gz"},
{"image": "./imagesTr/hippocampus_169.nii.gz", 
"label": "./labels/hippocampus_169.nii.gz"},
{"image": "./imagesTr/hippocampus_181.nii.gz", 
"label": "./labels/hippocampus_181.nii.gz"},
{"image": "./imagesTr/hippocampus_353.nii.gz", 
"label": "./labels/hippocampus_353.nii.gz"},
{"image": "./imagesTr/hippocampus_316.nii.gz", 
"label": "./labels/hippocampus_316.nii.gz"},
{"image": "./imagesTr/hippocampus_352.nii.gz", 
"label": "./labels/hippocampus_352.nii.gz"},
{"image": "./imagesTr/hippocampus_093.nii.gz", 
"label": "./labels/hippocampus_093.nii.gz"},
{"image": "./imagesTr/hippocampus_203.nii.gz", 
"label": "./labels/hippocampus_203.nii.gz"},
{"image": "./imagesTr/hippocampus_003.nii.gz", 
"label": "./labels/hippocampus_003.nii.gz"},
{"image": "./imagesTr/hippocampus_099.nii.gz", 
"label": "./labels/hippocampus_099.nii.gz"},
{"image": "./imagesTr/hippocampus_361.nii.gz", 
"label": "./labels/hippocampus_361.nii.gz"},
{"image": "./imagesTr/hippocampus_089.nii.gz", 
"label": "./labels/hippocampus_089.nii.gz"},
{"image": "./imagesTr/hippocampus_041.nii.gz", 
"label": "./labels/hippocampus_041.nii.gz"},
{"image": "./imagesTr/hippocampus_039.nii.gz", 
"label": "./labels/hippocampus_039.nii.gz"},
{"image": "./imagesTr/hippocampus_359.nii.gz", 
"label": "./labels/hippocampus_359.nii.gz"},
{"image": "./imagesTr/hippocampus_336.nii.gz", 
"label": "./labels/hippocampus_336.nii.gz"},
{"image": "./imagesTr/hippocampus_340.nii.gz", 
"label": "./labels/hippocampus_340.nii.gz"},
{"image": "./imagesTr/hippocampus_175.nii.gz", 
"label": "./labels/hippocampus_175.nii.gz"},
{"image": "./imagesTr/hippocampus_263.nii.gz", 
"label": "./labels/hippocampus_263.nii.gz"},
{"image": "./imagesTr/hippocampus_288.nii.gz", 
"label": "./labels/hippocampus_288.nii.gz"},
{"image": "./imagesTr/hippocampus_389.nii.gz", 
"label": "./labels/hippocampus_389.nii.gz"},
{"image": "./imagesTr/hippocampus_051.nii.gz", 
"label": "./labels/hippocampus_051.nii.gz"},
{"image": "./imagesTr/hippocampus_374.nii.gz", 
"label": "./labels/hippocampus_374.nii.gz"},
{"image": "./imagesTr/hippocampus_025.nii.gz", 
"label": "./labels/hippocampus_025.nii.gz"},
{"image": "./imagesTr/hippocampus_132.nii.gz", 
"label": "./labels/hippocampus_132.nii.gz"},
{"image": "./imagesTr/hippocampus_173.nii.gz", 
"label": "./labels/hippocampus_173.nii.gz"},
{"image": "./imagesTr/hippocampus_154.nii.gz", 
"label": "./labels/hippocampus_154.nii.gz"},
{"image": "./imagesTr/hippocampus_094.nii.gz", 
"label": "./labels/hippocampus_094.nii.gz"},
{"image": "./imagesTr/hippocampus_165.nii.gz", 
"label": "./labels/hippocampus_165.nii.gz"},
{"image": "./imagesTr/hippocampus_350.nii.gz", 
"label": "./labels/hippocampus_350.nii.gz"},
{"image": "./imagesTr/hippocampus_222.nii.gz", 
"label": "./labels/hippocampus_222.nii.gz"},
{"image": "./imagesTr/hippocampus_092.nii.gz", 
"label": "./labels/hippocampus_092.nii.gz"},
{"image": "./imagesTr/hippocampus_245.nii.gz", 
"label": "./labels/hippocampus_245.nii.gz"},
{"image": "./imagesTr/hippocampus_343.nii.gz", 
"label": "./labels/hippocampus_343.nii.gz"},
{"image": "./imagesTr/hippocampus_223.nii.gz", 
"label": "./labels/hippocampus_223.nii.gz"},
{"image": "./imagesTr/hippocampus_299.nii.gz", 
"label": "./labels/hippocampus_299.nii.gz"},
{"image": "./imagesTr/hippocampus_048.nii.gz", 
"label": "./labels/hippocampus_048.nii.gz"},
{"image": "./imagesTr/hippocampus_261.nii.gz", 
"label": "./labels/hippocampus_261.nii.gz"},
{"image": "./imagesTr/hippocampus_180.nii.gz", 
"label": "./labels/hippocampus_180.nii.gz"},
{"image": "./imagesTr/hippocampus_156.nii.gz", 
"label": "./labels/hippocampus_156.nii.gz"},
{"image": "./imagesTr/hippocampus_015.nii.gz", 
"label": "./labels/hippocampus_015.nii.gz"},
{"image": "./imagesTr/hippocampus_232.nii.gz", 
"label": "./labels/hippocampus_232.nii.gz"},
{"image": "./imagesTr/hippocampus_238.nii.gz", 
"label": "./labels/hippocampus_238.nii.gz"},
{"image": "./imagesTr/hippocampus_325.nii.gz", 
"label": "./labels/hippocampus_325.nii.gz"},
{"image": "./imagesTr/hippocampus_257.nii.gz", 
"label": "./labels/hippocampus_257.nii.gz"},
{"image": "./imagesTr/hippocampus_190.nii.gz", 
"label": "./labels/hippocampus_190.nii.gz"},
{"image": "./imagesTr/hippocampus_001.nii.gz", 
"label": "./labels/hippocampus_001.nii.gz"},
{"image": "./imagesTr/hippocampus_146.nii.gz", 
"label": "./labels/hippocampus_146.nii.gz"},
{"image": "./imagesTr/hippocampus_204.nii.gz", 
"label": "./labels/hippocampus_204.nii.gz"},
{"image": "./imagesTr/hippocampus_011.nii.gz", 
"label": "./labels/hippocampus_011.nii.gz"},
{"image": "./imagesTr/hippocampus_088.nii.gz", 
"label": "./labels/hippocampus_088.nii.gz"},
{"image": "./imagesTr/hippocampus_328.nii.gz", 
"label": "./labels/hippocampus_328.nii.gz"},
{"image": "./imagesTr/hippocampus_248.nii.gz", 
"label": "./labels/hippocampus_248.nii.gz"},
{"image": "./imagesTr/hippocampus_376.nii.gz", 
"label": "./labels/hippocampus_376.nii.gz"},
{"image": "./imagesTr/hippocampus_130.nii.gz", 
"label": "./labels/hippocampus_130.nii.gz"},
{"image": "./imagesTr/hippocampus_221.nii.gz", 
"label": "./labels/hippocampus_221.nii.gz"},
{"image": "./imagesTr/hippocampus_337.nii.gz", 
"label": "./labels/hippocampus_337.nii.gz"},
{"image": "./imagesTr/hippocampus_077.nii.gz", 
"label": "./labels/hippocampus_077.nii.gz"},
{"image": "./imagesTr/hippocampus_224.nii.gz", 
"label": "./labels/hippocampus_224.nii.gz"},
{"image": "./imagesTr/hippocampus_393.nii.gz", 
"label": "./labels/hippocampus_393.nii.gz"},
{"image": "./imagesTr/hippocampus_260.nii.gz", 
"label": "./labels/hippocampus_260.nii.gz"},
{"image": "./imagesTr/hippocampus_264.nii.gz", 
"label": "./labels/hippocampus_264.nii.gz"},
{"image": "./imagesTr/hippocampus_044.nii.gz", 
"label": "./labels/hippocampus_044.nii.gz"},
{"image": "./imagesTr/hippocampus_333.nii.gz", 
"label": "./labels/hippocampus_333.nii.gz"},
{"image": "./imagesTr/hippocampus_160.nii.gz", 
"label": "./labels/hippocampus_160.nii.gz"},
{"image": "./imagesTr/hippocampus_298.nii.gz", 
"label": "./labels/hippocampus_298.nii.gz"},
{"image": "./imagesTr/hippocampus_104.nii.gz", 
"label": "./labels/hippocampus_104.nii.gz"},
{"image": "./imagesTr/hippocampus_135.nii.gz", 
"label": "./labels/hippocampus_135.nii.gz"},
{"image": "./imagesTr/hippocampus_280.nii.gz", 
"label": "./labels/hippocampus_280.nii.gz"},
{"image": "./imagesTr/hippocampus_056.nii.gz", 
"label": "./labels/hippocampus_056.nii.gz"},
{"image": "./imagesTr/hippocampus_166.nii.gz", 
"label": "./labels/hippocampus_166.nii.gz"},
{"image": "./imagesTr/hippocampus_300.nii.gz", 
"label": "./labels/hippocampus_300.nii.gz"},
{"image": "./imagesTr/hippocampus_310.nii.gz", 
"label": "./labels/hippocampus_310.nii.gz"},
{"image": "./imagesTr/hippocampus_157.nii.gz", 
"label": "./labels/hippocampus_157.nii.gz"},
{"image": "./imagesTr/hippocampus_162.nii.gz", 
"label": "./labels/hippocampus_162.nii.gz"},
{"image": "./imagesTr/hippocampus_178.nii.gz", 
"label": "./labels/hippocampus_178.nii.gz"},
{"image": "./imagesTr/hippocampus_101.nii.gz", 
"label": "./labels/hippocampus_101.nii.gz"},
{"image": "./imagesTr/hippocampus_212.nii.gz", 
"label": "./labels/hippocampus_212.nii.gz"},
{"image": "./imagesTr/hippocampus_064.nii.gz", 
"label": "./labels/hippocampus_064.nii.gz"},
{"image": "./imagesTr/hippocampus_228.nii.gz", 
"label": "./labels/hippocampus_228.nii.gz"},
{"image": "./imagesTr/hippocampus_381.nii.gz", 
"label": "./labels/hippocampus_381.nii.gz"},
{"image": "./imagesTr/hippocampus_142.nii.gz", 
"label": "./labels/hippocampus_142.nii.gz"},
{"image": "./imagesTr/hippocampus_354.nii.gz", 
"label": "./labels/hippocampus_354.nii.gz"},
{"image": "./imagesTr/hippocampus_332.nii.gz", 
"label": "./labels/hippocampus_332.nii.gz"},
{"image": "./imagesTr/hippocampus_127.nii.gz", 
"label": "./labels/hippocampus_127.nii.gz"},
{"image": "./imagesTr/hippocampus_363.nii.gz", 
"label": "./labels/hippocampus_363.nii.gz"},
{"image": "./imagesTr/hippocampus_045.nii.gz", 
"label": "./labels/hippocampus_045.nii.gz"},
{"image": "./imagesTr/hippocampus_360.nii.gz", 
"label": "./labels/hippocampus_360.nii.gz"},
{"image": "./imagesTr/hippocampus_349.nii.gz", 
"label": "./labels/hippocampus_349.nii.gz"},
{"image": "./imagesTr/hippocampus_036.nii.gz", 
"label": "./labels/hippocampus_036.nii.gz"},
{"image": "./imagesTr/hippocampus_114.nii.gz", 
"label": "./labels/hippocampus_114.nii.gz"},
{"image": "./imagesTr/hippocampus_176.nii.gz", 
"label": "./labels/hippocampus_176.nii.gz"},
{"image": "./imagesTr/hippocampus_144.nii.gz", 
"label": "./labels/hippocampus_144.nii.gz"},
{"image": "./imagesTr/hippocampus_195.nii.gz", 
"label": "./labels/hippocampus_195.nii.gz"},
{"image": "./imagesTr/hippocampus_185.nii.gz", 
"label": "./labels/hippocampus_185.nii.gz"},
{"image": "./imagesTr/hippocampus_225.nii.gz", 
"label": "./labels/hippocampus_225.nii.gz"},
{"image": "./imagesTr/hippocampus_319.nii.gz", 
"label": "./labels/hippocampus_319.nii.gz"},
{"image": "./imagesTr/hippocampus_058.nii.gz", 
"label": "./labels/hippocampus_058.nii.gz"},
{"image": "./imagesTr/hippocampus_383.nii.gz", 
"label": "./labels/hippocampus_383.nii.gz"},
{"image": "./imagesTr/hippocampus_373.nii.gz", 
"label": "./labels/hippocampus_373.nii.gz"},
{"image": "./imagesTr/hippocampus_303.nii.gz", 
"label": "./labels/hippocampus_303.nii.gz"},
{"image": "./imagesTr/hippocampus_231.nii.gz", 
"label": "./labels/hippocampus_231.nii.gz"},
{"image": "./imagesTr/hippocampus_084.nii.gz", 
"label": "./labels/hippocampus_084.nii.gz"},
{"image": "./imagesTr/hippocampus_236.nii.gz", 
"label": "./labels/hippocampus_236.nii.gz"},
{"image": "./imagesTr/hippocampus_368.nii.gz", 
"label": "./labels/hippocampus_368.nii.gz"},
{"image": "./imagesTr/hippocampus_217.nii.gz", 
"label": "./labels/hippocampus_217.nii.gz"},
{"image": "./imagesTr/hippocampus_292.nii.gz", 
"label": "./labels/hippocampus_292.nii.gz"},
{"image": "./imagesTr/hippocampus_378.nii.gz", 
"label": "./labels/hippocampus_378.nii.gz"},
{"image": "./imagesTr/hippocampus_004.nii.gz", 
"label": "./labels/hippocampus_004.nii.gz"},
{"image": "./imagesTr/hippocampus_282.nii.gz", 
"label": "./labels/hippocampus_282.nii.gz"},
{"image": "./imagesTr/hippocampus_067.nii.gz", 
"label": "./labels/hippocampus_067.nii.gz"},
{"image": "./imagesTr/hippocampus_068.nii.gz", 
"label": "./labels/hippocampus_068.nii.gz"},
{"image": "./imagesTr/hippocampus_387.nii.gz", 
"label": "./labels/hippocampus_387.nii.gz"},
{"image": "./imagesTr/hippocampus_386.nii.gz", 
"label": "./labels/hippocampus_386.nii.gz"},
{"image": "./imagesTr/hippocampus_097.nii.gz", 
"label": "./labels/hippocampus_097.nii.gz"},
{"image": "./imagesTr/hippocampus_302.nii.gz", 
"label": "./labels/hippocampus_302.nii.gz"},
{"image": "./imagesTr/hippocampus_105.nii.gz", 
"label": "./labels/hippocampus_105.nii.gz"},
{"image": "./imagesTr/hippocampus_308.nii.gz", 
"label": "./labels/hippocampus_308.nii.gz"},
{"image": "./imagesTr/hippocampus_205.nii.gz", 
"label": "./labels/hippocampus_205.nii.gz"},
{"image": "./imagesTr/hippocampus_276.nii.gz", 
"label": "./labels/hippocampus_276.nii.gz"},
{"image": "./imagesTr/hippocampus_152.nii.gz", 
"label": "./labels/hippocampus_152.nii.gz"},
{"image": "./imagesTr/hippocampus_235.nii.gz", 
"label": "./labels/hippocampus_235.nii.gz"},
{"image": "./imagesTr/hippocampus_244.nii.gz", 
"label": "./labels/hippocampus_244.nii.gz"},
{"image": "./imagesTr/hippocampus_090.nii.gz", 
"label": "./labels/hippocampus_090.nii.gz"},
{"image": "./imagesTr/hippocampus_133.nii.gz", 
"label": "./labels/hippocampus_133.nii.gz"},
{"image": "./imagesTr/hippocampus_301.nii.gz", 
"label": "./labels/hippocampus_301.nii.gz"},
{"image": "./imagesTr/hippocampus_251.nii.gz", 
"label": "./labels/hippocampus_251.nii.gz"},
{"image": "./imagesTr/hippocampus_394.nii.gz", 
"label": "./labels/hippocampus_394.nii.gz"},
{"image": "./imagesTr/hippocampus_107.nii.gz", 
"label": "./labels/hippocampus_107.nii.gz"},
{"image": "./imagesTr/hippocampus_172.nii.gz", 
"label": "./labels/hippocampus_172.nii.gz"},
{"image": "./imagesTr/hippocampus_358.nii.gz", 
"label": "./labels/hippocampus_358.nii.gz"},
{"image": "./imagesTr/hippocampus_177.nii.gz", 
"label": "./labels/hippocampus_177.nii.gz"},
{"image": "./imagesTr/hippocampus_158.nii.gz", 
"label": "./labels/hippocampus_158.nii.gz"},
{"image": "./imagesTr/hippocampus_294.nii.gz", 
"label": "./labels/hippocampus_294.nii.gz"},
{"image": "./imagesTr/hippocampus_345.nii.gz", 
"label": "./labels/hippocampus_345.nii.gz"},
{"image": "./imagesTr/hippocampus_207.nii.gz", 
"label": "./labels/hippocampus_207.nii.gz"},
{"image": "./imagesTr/hippocampus_216.nii.gz", 
"label": "./labels/hippocampus_216.nii.gz"},
{"image": "./imagesTr/hippocampus_148.nii.gz", 
"label": "./labels/hippocampus_148.nii.gz"},
{"image": "./imagesTr/hippocampus_210.nii.gz", 
"label": "./labels/hippocampus_210.nii.gz"},
{"image": "./imagesTr/hippocampus_033.nii.gz", 
"label": "./labels/hippocampus_033.nii.gz"},
{"image": "./imagesTr/hippocampus_259.nii.gz", 
"label": "./labels/hippocampus_259.nii.gz"},
{"image": "./imagesTr/hippocampus_091.nii.gz", 
"label": "./labels/hippocampus_091.nii.gz"},
{"image": "./imagesTr/hippocampus_057.nii.gz", 
"label": "./labels/hippocampus_057.nii.gz"},
{"image": "./imagesTr/hippocampus_193.nii.gz", 
"label": "./labels/hippocampus_193.nii.gz"},
{"image": "./imagesTr/hippocampus_314.nii.gz", 
"label": "./labels/hippocampus_314.nii.gz"},
{"image": "./imagesTr/hippocampus_277.nii.gz", 
"label": "./labels/hippocampus_277.nii.gz"},
{"image": "./imagesTr/hippocampus_050.nii.gz", 
"label": "./labels/hippocampus_050.nii.gz"},
{"image": "./imagesTr/hippocampus_037.nii.gz", 
"label": "./labels/hippocampus_037.nii.gz"},
{"image": "./imagesTr/hippocampus_268.nii.gz", 
"label": "./labels/hippocampus_268.nii.gz"},
{"image": "./imagesTr/hippocampus_321.nii.gz", 
"label": "./labels/hippocampus_321.nii.gz"},
{"image": "./imagesTr/hippocampus_219.nii.gz", 
"label": "./labels/hippocampus_219.nii.gz"},
{"image": "./imagesTr/hippocampus_289.nii.gz", 
"label": "./labels/hippocampus_289.nii.gz"},
{"image": "./imagesTr/hippocampus_370.nii.gz", 
"label": "./labels/hippocampus_370.nii.gz"},
{"image": "./imagesTr/hippocampus_125.nii.gz", 
"label": "./labels/hippocampus_125.nii.gz"},
{"image": "./imagesTr/hippocampus_226.nii.gz", 
"label": "./labels/hippocampus_226.nii.gz"},
{"image": "./imagesTr/hippocampus_095.nii.gz", 
"label": "./labels/hippocampus_095.nii.gz"},
{"image": "./imagesTr/hippocampus_375.nii.gz", 
"label": "./labels/hippocampus_375.nii.gz"},
{"image": "./imagesTr/hippocampus_355.nii.gz", 
"label": "./labels/hippocampus_355.nii.gz"},
{"image": "./imagesTr/hippocampus_309.nii.gz", 
"label": "./labels/hippocampus_309.nii.gz"},
{"image": "./imagesTr/hippocampus_286.nii.gz", 
"label": "./labels/hippocampus_286.nii.gz"},
{"image": "./imagesTr/hippocampus_250.nii.gz", 
"label": "./labels/hippocampus_250.nii.gz"},
{"image": "./imagesTr/hippocampus_297.nii.gz", 
"label": "./labels/hippocampus_297.nii.gz"},
{"image": "./imagesTr/hippocampus_026.nii.gz", 
"label": "./labels/hippocampus_026.nii.gz"},
{"image": "./imagesTr/hippocampus_243.nii.gz", 
"label": "./labels/hippocampus_243.nii.gz"},
{"image": "./imagesTr/hippocampus_252.nii.gz", 
"label": "./labels/hippocampus_252.nii.gz"},
{"image": "./imagesTr/hippocampus_322.nii.gz", 
"label": "./labels/hippocampus_322.nii.gz"},
{"image": "./imagesTr/hippocampus_123.nii.gz", 
"label": "./labels/hippocampus_123.nii.gz"},
{"image": "./imagesTr/hippocampus_329.nii.gz", 
"label": "./labels/hippocampus_329.nii.gz"},
{"image": "./imagesTr/hippocampus_141.nii.gz", 
"label": "./labels/hippocampus_141.nii.gz"},
{"image": "./imagesTr/hippocampus_330.nii.gz", 
"label": "./labels/hippocampus_330.nii.gz"},
{"image": "./imagesTr/hippocampus_008.nii.gz", 
"label": "./labels/hippocampus_008.nii.gz"},
{"image": "./imagesTr/hippocampus_220.nii.gz", 
"label": "./labels/hippocampus_220.nii.gz"},
{"image": "./imagesTr/hippocampus_194.nii.gz", 
"label": "./labels/hippocampus_194.nii.gz"},
{"image": "./imagesTr/hippocampus_249.nii.gz", 
"label": "./labels/hippocampus_249.nii.gz"},
{"image": "./imagesTr/hippocampus_242.nii.gz", 
"label": "./labels/hippocampus_242.nii.gz"},
{"image": "./imagesTr/hippocampus_053.nii.gz", 
"label": "./labels/hippocampus_053.nii.gz"},
{"image": "./imagesTr/hippocampus_136.nii.gz", 
"label": "./labels/hippocampus_136.nii.gz"},
{"image": "./imagesTr/hippocampus_034.nii.gz", 
"label": "./labels/hippocampus_034.nii.gz"},
{"image": "./imagesTr/hippocampus_150.nii.gz", 
"label": "./labels/hippocampus_150.nii.gz"},
{"image": "./imagesTr/hippocampus_229.nii.gz", 
"label": "./labels/hippocampus_229.nii.gz"},
{"image": "./imagesTr/hippocampus_019.nii.gz", 
"label": "./labels/hippocampus_019.nii.gz"},
{"image": "./imagesTr/hippocampus_390.nii.gz", 
"label": "./labels/hippocampus_390.nii.gz"},
{"image": "./imagesTr/hippocampus_274.nii.gz", 
"label": "./labels/hippocampus_274.nii.gz"},
{"image": "./imagesTr/hippocampus_356.nii.gz", 
"label": "./labels/hippocampus_356.nii.gz"}],

"test":[{"image": "./imagesTe/hippocampus_046.nii.gz", 
"label": "./labels/hippocampus_046.nii.gz"},
{"image": "./imagesTe/hippocampus_040.nii.gz", 
"label": "./labels/hippocampus_040.nii.gz"},
{"image": "./imagesTe/hippocampus_049.nii.gz", 
"label": "./labels/hippocampus_049.nii.gz"},
{"image": "./imagesTe/hippocampus_171.nii.gz", 
"label": "./labels/hippocampus_171.nii.gz"},
{"image": "./imagesTe/hippocampus_334.nii.gz", 
"label": "./labels/hippocampus_334.nii.gz"},
{"image": "./imagesTe/hippocampus_188.nii.gz", 
"label": "./labels/hippocampus_188.nii.gz"},
{"image": "./imagesTe/hippocampus_042.nii.gz", 
"label": "./labels/hippocampus_042.nii.gz"},
{"image": "./imagesTe/hippocampus_234.nii.gz", 
"label": "./labels/hippocampus_234.nii.gz"},
{"image": "./imagesTe/hippocampus_108.nii.gz", 
"label": "./labels/hippocampus_108.nii.gz"},
{"image": "./imagesTe/hippocampus_331.nii.gz", 
"label": "./labels/hippocampus_331.nii.gz"},
{"image": "./imagesTe/hippocampus_106.nii.gz", 
"label": "./labels/hippocampus_106.nii.gz"},
{"image": "./imagesTe/hippocampus_199.nii.gz", 
"label": "./labels/hippocampus_199.nii.gz"},
{"image": "./imagesTe/hippocampus_164.nii.gz", 
"label": "./labels/hippocampus_164.nii.gz"},
{"image": "./imagesTe/hippocampus_035.nii.gz", 
"label": "./labels/hippocampus_035.nii.gz"},
{"image": "./imagesTe/hippocampus_124.nii.gz", 
"label": "./labels/hippocampus_124.nii.gz"},
{"image": "./imagesTe/hippocampus_074.nii.gz", 
"label": "./labels/hippocampus_074.nii.gz"},
{"image": "./imagesTe/hippocampus_366.nii.gz", 
"label": "./labels/hippocampus_366.nii.gz"},
{"image": "./imagesTe/hippocampus_014.nii.gz", 
"label": "./labels/hippocampus_014.nii.gz"},
{"image": "./imagesTe/hippocampus_338.nii.gz", 
"label": "./labels/hippocampus_338.nii.gz"},
{"image": "./imagesTe/hippocampus_017.nii.gz", 
"label": "./labels/hippocampus_017.nii.gz"},
{"image": "./imagesTe/hippocampus_279.nii.gz", 
"label": "./labels/hippocampus_279.nii.gz"},
{"image": "./imagesTe/hippocampus_024.nii.gz", 
"label": "./labels/hippocampus_024.nii.gz"},
{"image": "./imagesTe/hippocampus_184.nii.gz", 
"label": "./labels/hippocampus_184.nii.gz"},
{"image": "./imagesTe/hippocampus_098.nii.gz", 
"label": "./labels/hippocampus_098.nii.gz"},
{"image": "./imagesTe/hippocampus_351.nii.gz", 
"label": "./labels/hippocampus_351.nii.gz"},
{"image": "./imagesTe/hippocampus_102.nii.gz", 
"label": "./labels/hippocampus_102.nii.gz"},
{"image": "./imagesTe/hippocampus_143.nii.gz", 
"label": "./labels/hippocampus_143.nii.gz"},
{"image": "./imagesTe/hippocampus_230.nii.gz", 
"label": "./labels/hippocampus_230.nii.gz"},
{"image": "./imagesTe/hippocampus_320.nii.gz", 
"label": "./labels/hippocampus_320.nii.gz"},
{"image": "./imagesTe/hippocampus_189.nii.gz", 
"label": "./labels/hippocampus_189.nii.gz"},
{"image": "./imagesTe/hippocampus_174.nii.gz", 
"label": "./labels/hippocampus_174.nii.gz"},
{"image": "./imagesTe/hippocampus_038.nii.gz", 
"label": "./labels/hippocampus_038.nii.gz"},
{"image": "./imagesTe/hippocampus_265.nii.gz", 
"label": "./labels/hippocampus_265.nii.gz"},
{"image": "./imagesTe/hippocampus_317.nii.gz", 
"label": "./labels/hippocampus_317.nii.gz"},
{"image": "./imagesTe/hippocampus_163.nii.gz", 
"label": "./labels/hippocampus_163.nii.gz"},
{"image": "./imagesTe/hippocampus_138.nii.gz", 
"label": "./labels/hippocampus_138.nii.gz"},
{"image": "./imagesTe/hippocampus_233.nii.gz", 
"label": "./labels/hippocampus_233.nii.gz"},
{"image": "./imagesTe/hippocampus_380.nii.gz", 
"label": "./labels/hippocampus_380.nii.gz"},
{"image": "./imagesTe/hippocampus_170.nii.gz", 
"label": "./labels/hippocampus_170.nii.gz"},
{"image": "./imagesTe/hippocampus_318.nii.gz", 
"label": "./labels/hippocampus_318.nii.gz"},
{"image": "./imagesTe/hippocampus_006.nii.gz", 
"label": "./labels/hippocampus_006.nii.gz"},
{"image": "./imagesTe/hippocampus_305.nii.gz", 
"label": "./labels/hippocampus_305.nii.gz"},
{"image": "./imagesTe/hippocampus_087.nii.gz", 
"label": "./labels/hippocampus_087.nii.gz"},
{"image": "./imagesTe/hippocampus_253.nii.gz", 
"label": "./labels/hippocampus_253.nii.gz"},
{"image": "./imagesTe/hippocampus_227.nii.gz", 
"label": "./labels/hippocampus_227.nii.gz"},
{"image": "./imagesTe/hippocampus_372.nii.gz", 
"label": "./labels/hippocampus_372.nii.gz"},
{"image": "./imagesTe/hippocampus_335.nii.gz", 
"label": "./labels/hippocampus_335.nii.gz"},
{"image": "./imagesTe/hippocampus_145.nii.gz", 
"label": "./labels/hippocampus_145.nii.gz"},
{"image": "./imagesTe/hippocampus_290.nii.gz", 
"label": "./labels/hippocampus_290.nii.gz"},
{"image": "./imagesTe/hippocampus_075.nii.gz", 
"label": "./labels/hippocampus_075.nii.gz"},
{"image": "./imagesTe/hippocampus_304.nii.gz", 
"label": "./labels/hippocampus_304.nii.gz"},
{"image": "./imagesTe/hippocampus_197.nii.gz", 
"label": "./labels/hippocampus_197.nii.gz"}]



}



